INSERT INTO books(title, author, synopsis) VALUES ("Truyện Kiều", "Nguyễn Du", "Một bài thơ sử thi cổ điển của Việt Nam kể về câu chuyện của một cô gái trẻ tên Kieu, người hy sinh bản thân để cứu gia đình, khám phá các chủ đề về tình yêu, số phận và đạo đức.");
INSERT INTO books(title, author, synopsis) VALUES ("Người Mỹ tĩnh lặng", "Graham Greene", "Một tiểu thuyết diễn ra ở Việt Nam trong thời kỳ chiến tranh Đông Dương, theo chân một nhà báo người Anh và một người Mỹ lý tưởng khi họ điều hướng tình yêu, chính trị và những phức tạp của chủ nghĩa thực dân.");
INSERT INTO books(title, author, synopsis) VALUES ("Sách của những điều đã mất", "John Connolly", "Một tiểu thuyết giả tưởng đen tối về một cậu bé tên David, người khám phá một thế giới ma thuật đầy những câu chuyện cổ tích bị biến dạng và phải đối mặt với nỗi sợ hãi của mình để tìm đường về nhà.");
INSERT INTO books(title, author, synopsis) VALUES ("Hoa sen và cơn bão", "Lan Cao", "Một câu chuyện cảm động kết nối cuộc sống của một người phụ nữ Việt Nam và một người lính Mỹ trong thời kỳ chiến tranh Việt Nam, khám phá các chủ đề về tình yêu, mất mát và tác động của chiến tranh đến cuộc sống cá nhân.");
INSERT INTO books(title, author, synopsis) VALUES ("Những gì họ mang", "Tim O'Brien", "Một tập hợp các câu chuyện ngắn liên kết về một nhóm lính trong chiến tranh Việt Nam, kết hợp giữa sự thật và hư cấu để khám phá những gánh nặng cảm xúc mà họ mang theo và bản chất của lòng dũng cảm và ký ức.");
INSERT INTO books(title, author, synopsis) VALUES ("Nỗi buồn chiến tranh", "Bao Ninh", "Một tiểu thuyết mạnh mẽ kể lại trải nghiệm của một người lính Bắc Việt trong chiến tranh Việt Nam, phản ánh về những horro của chiến tranh và tác động lâu dài của nó đến tâm lý con người.");
INSERT INTO books(title, author, synopsis) VALUES ("Nhà giả kim", "Paulo Coelho", "Một tiểu thuyết triết lý về một người chăn cừu trẻ tên Santiago, người mơ ước khám phá một kho báu ở Ai Cập, bắt đầu một hành trình tự khám phá và theo đuổi huyền thoại cá nhân của mình.");
INSERT INTO books(title, author, synopsis) VALUES ("Người đồng cảm", "Viet Thanh Nguyen", "Một tiểu thuyết gián điệp hấp dẫn do một điệp viên hai mang nửa Pháp, nửa Việt Nam kể lại trong thời kỳ chiến tranh Việt Nam, khám phá các chủ đề về danh tính, lòng trung thành và trải nghiệm của người nhập cư.");
INSERT INTO books(title, author, synopsis) VALUES ("Câu lạc bộ niềm vui và vận may", "Amy Tan", "Một tiểu thuyết kể về những câu chuyện của bốn gia đình người Mỹ gốc Hoa và các con gái của họ, khám phá những xung đột giữa các thế hệ và văn hóa giữa mẹ và con gái.");
INSERT INTO books(title, author, synopsis) VALUES ("Cô gái với hình xăm rồng", "Stieg Larsson", "Một tiểu thuyết trinh thám hấp dẫn theo chân nhà báo Mikael Blomkvist và hacker Lisbeth Salander khi họ điều tra một vụ mất tích từ hàng thập kỷ, khám phá những bí mật gia đình đen tối và tham nhũng.");
INSERT INTO books(title, author, synopsis) VALUES ("Chí Phèo", "Nam Cao", "Một tác phẩm nổi tiếng của văn học Việt Nam, kể về cuộc đời bi thảm của Chí Phèo, một người nông dân bị xã hội đẩy vào con đường tội lỗi và sự tha hóa.");
INSERT INTO books(title, author, synopsis) VALUES ("Đất rừng phương Nam", "Đoàn Giỏi", "Một tiểu thuyết miêu tả cuộc sống của người dân miền Nam Việt Nam trong những năm đầu thế kỷ 20, với những phong tục tập quán và vẻ đẹp của thiên nhiên.");
INSERT INTO books(title, author, synopsis) VALUES ("Những đứa con trong gia đình", "Nguyễn Thi", "Một tác phẩm nổi tiếng về cuộc sống của một gia đình nông dân trong thời kỳ kháng chiến chống Mỹ, thể hiện tình yêu quê hương và lòng dũng cảm.");
INSERT INTO books(title, author, synopsis) VALUES ("Vợ chồng A Phủ", "Tô Hoài", "Một câu chuyện tình yêu giữa A Phủ và Mị, phản ánh cuộc sống khổ cực của người dân tộc thiểu số ở vùng núi phía Bắc Việt Nam.");
INSERT INTO books(title, author, synopsis) VALUES ("Người lái đò sông Đà", "Nguyễn Tuân", "Một tác phẩm văn học miêu tả vẻ đẹp hùng vĩ của dòng sông Đà và con người lái đò dũng cảm, thể hiện tình yêu thiên nhiên và lòng tự hào dân tộc.");
INSERT INTO books(title, author, synopsis) VALUES ("Thế giới phẳng", "Thomas Friedman", "Một cuốn sách khám phá sự thay đổi của thế giới trong kỷ nguyên toàn cầu hóa, phân tích các yếu tố tạo nên một thế giới phẳng hơn.");
INSERT INTO books(title, author, synopsis) VALUES ("Đoạn trường tân thanh", "Nguyễn Du", "Một tác phẩm nổi tiếng của văn học cổ điển Việt Nam, kể về cuộc đời bi thảm của Thúy Kiều và những thử thách mà cô phải đối mặt.");
INSERT INTO books(title, author, synopsis) VALUES ("Harry Potter và viên đá phù thủy", "J.K. Rowling", "Cuốn đầu tiên trong loạt truyện Harry Potter, kể về cuộc phiêu lưu của một cậu bé phù thủy khi bước vào thế giới ma thuật.");
INSERT INTO books(title, author, synopsis) VALUES ("Đời thừa", "Nam Cao", "Một tác phẩm nổi tiếng phản ánh cuộc sống của những người nghèo khổ và những mâu thuẫn trong xã hội Việt Nam đầu thế kỷ 20.");
INSERT INTO books(title, author, synopsis) VALUES ("Chuyện người con gái Nam Xương", "Nguyễn Dữ", "Một câu chuyện ngắn trong tập Truyền kỳ mạn lục, kể về cuộc đời bi thảm của Vũ Nương, người phụ nữ trung trinh trong xã hội phong kiến.");
INSERT INTO books(title, author, synopsis) VALUES ("Nhà giả kim", "Paulo Coelho", "Một tiểu thuyết triết lý về hành trình tìm kiếm giấc mơ và ý nghĩa cuộc sống của một chàng trai trẻ.");
INSERT INTO books(title, author, synopsis) VALUES ("Trăm năm cô đơn", "Gabriel García Márquez", "Một tiểu thuyết huyền ảo về gia đình Buendía, khám phá các chủ đề về thời gian, tình yêu và sự cô đơn.");
INSERT INTO books(title, author, synopsis) VALUES ("Đi tìm thời gian đã mất", "Marcel Proust", "Một tác phẩm vĩ đại về ký ức và thời gian, khám phá những suy tư sâu sắc về cuộc sống và tình yêu.");
INSERT INTO books(title, author, synopsis) VALUES ("Đại gia Gatsby", "F. Scott Fitzgerald", "Một tiểu thuyết về giấc mơ Mỹ, tình yêu và sự tham vọng trong xã hội thượng lưu của những năm 1920.");
INSERT INTO books(title, author, synopsis) VALUES ("Những người khốn khổ", "Victor Hugo", "Một tác phẩm vĩ đại về tình yêu, sự hy sinh và cuộc sống khổ cực của những người nghèo ở Pháp.");
INSERT INTO books(title, author, synopsis) VALUES ("Cuốn theo chiều gió", "Margaret Mitchell", "Một tiểu thuyết lịch sử về cuộc sống của Scarlett O'Hara trong bối cảnh nội chiến Mỹ.");
INSERT INTO books(title, author, synopsis) VALUES ("Chạy trốn", "Harlan Coben", "Một tiểu thuyết trinh thám hấp dẫn về một người đàn ông tìm kiếm sự thật về quá khứ của mình.");
INSERT INTO books(title, author, synopsis) VALUES ("Người đàn ông tìm kiếm ý nghĩa", "Viktor Frankl", "Một cuốn sách tâm lý học về trải nghiệm của tác giả trong các trại tập trung và tìm kiếm ý nghĩa cuộc sống.");
INSERT INTO books(title, author, synopsis) VALUES ("Đêm giữa ban ngày", "Nguyễn Huy Thiệp", "Một tác phẩm văn học hiện đại phản ánh những mâu thuẫn trong xã hội Việt Nam đương đại.");
INSERT INTO books(title, author, synopsis) VALUES ("Thời gian và địa điểm", "David Mitchell", "Một tiểu thuyết đa chiều khám phá các khía cạnh khác nhau của thời gian và không gian.");
INSERT INTO books(title, author, synopsis) VALUES ("Chuyện cổ tích cho người lớn", "Andersen", "Một tập hợp các câu chuyện cổ tích nổi tiếng của Andersen, mang đến những bài học sâu sắc cho người lớn.");
INSERT INTO books(title, author, synopsis) VALUES ("Những kẻ mộng mơ", "F. Scott Fitzgerald", "Một tác phẩm về những người trẻ tuổi sống trong thế giới đầy mộng mơ và những ảo tưởng của tình yêu và thành công.");
INSERT INTO books(title, author, synopsis) VALUES ("Chuyện xứ Lang Biang", "Nguyễn Huy Thiệp", "Một tiểu thuyết hiện đại phản ánh cuộc sống và văn hóa của người dân tộc thiểu số ở Tây Nguyên Việt Nam.");
INSERT INTO books(title, author, synopsis) VALUES ("Thế giới không có chúng ta", "Mitch Albom", "Một cuốn sách cảm động về tình bạn, tình yêu và những điều quan trọng trong cuộc sống.");
INSERT INTO books(title, author, synopsis) VALUES ("Người phụ nữ chạy trốn", "Khaled Hosseini", "Một câu chuyện về tình yêu, sự hy sinh và lòng dũng cảm của một người phụ nữ trong bối cảnh chiến tranh Afghanistan.");
INSERT INTO books(title, author, synopsis) VALUES ("Nhà văn không có tên", "Nguyễn Ngọc Tư", "Một tác phẩm hiện đại khám phá cuộc sống của những người dân miền Tây Nam Bộ Việt Nam.");
INSERT INTO books(title, author, synopsis) VALUES ("Chạy theo bóng", "Nguyễn Nhật Ánh", "Một câu chuyện về tình yêu tuổi học trò, sự trưởng thành và những kỷ niệm đẹp đẽ.");
INSERT INTO books(title, author, synopsis) VALUES ("Những người bạn tốt", "Markus Zusak", "Một tiểu thuyết về tình bạn và sự hy sinh trong bối cảnh chiến tranh thế giới thứ hai.");
INSERT INTO books(title, author, synopsis) VALUES ("Cuộc sống như nó là", "Ernest Hemingway", "Một tác phẩm nổi tiếng về cuộc sống, tình yêu và những trải nghiệm của con người.");
INSERT INTO books(title, author, synopsis) VALUES ("Những giấc mơ lớn", "John Green", "Một cuốn sách về tình bạn, tình yêu và những ước mơ trong cuộc sống của những người trẻ tuổi.");
INSERT INTO books(title, author, synopsis) VALUES ("Người đàn bà trên chuyến tàu tốc hành", "Agatha Christie", "Một tiểu thuyết trinh thám hấp dẫn với những tình tiết bất ngờ và kịch tính.");
INSERT INTO books(title, author, synopsis) VALUES ("Chuyện tình của một người phụ nữ", "Milan Kundera", "Một tác phẩm về tình yêu, sự phản bội và những mối quan hệ phức tạp giữa con người.");
INSERT INTO books(title, author, synopsis) VALUES ("Những điều kỳ diệu của cuộc sống", "Paulo Coelho", "Một cuốn sách truyền cảm hứng về việc tìm kiếm ý nghĩa và hạnh phúc trong cuộc sống.");
INSERT INTO books(title, author, synopsis) VALUES ("Người lạ trên chuyến tàu", "Patricia Highsmith", "Một tiểu thuyết tâm lý tội phạm về những mối quan hệ phức tạp và sự lừa dối.");
INSERT INTO books(title, author, synopsis) VALUES ("Cuộc đời của Pi", "Yann Martel", "Một câu chuyện phiêu lưu về một cậu bé sống sót trên một chiếc thuyền cùng với một con hổ Bengal.");

SELECT * FROM books;

INSERT INTO copies(book_id) VALUES (23);
INSERT INTO copies(book_id) VALUES (41);
INSERT INTO copies(book_id) VALUES (33);
INSERT INTO copies(book_id) VALUES (14);
INSERT INTO copies(book_id) VALUES (5);
INSERT INTO copies(book_id) VALUES (16);
INSERT INTO copies(book_id) VALUES (7);
INSERT INTO copies(book_id) VALUES (27);
INSERT INTO copies(book_id) VALUES (31);
INSERT INTO copies(book_id) VALUES (11);
INSERT INTO copies(book_id) VALUES (3);
INSERT INTO copies(book_id) VALUES (20);
INSERT INTO copies(book_id) VALUES (43);
INSERT INTO copies(book_id) VALUES (24);
INSERT INTO copies(book_id) VALUES (25);
INSERT INTO copies(book_id) VALUES (1);
INSERT INTO copies(book_id) VALUES (2);
INSERT INTO copies(book_id) VALUES (5);
INSERT INTO copies(book_id) VALUES (39);
INSERT INTO copies(book_id) VALUES (30);
INSERT INTO copies(book_id) VALUES (32);
INSERT INTO copies(book_id) VALUES (11);
INSERT INTO copies(book_id) VALUES (28);
INSERT INTO copies(book_id) VALUES (16);
INSERT INTO copies(book_id) VALUES (13);
INSERT INTO copies(book_id) VALUES (17);
INSERT INTO copies(book_id) VALUES (22);
INSERT INTO copies(book_id) VALUES (45);
INSERT INTO copies(book_id) VALUES (20);
INSERT INTO copies(book_id) VALUES (7);
INSERT INTO copies(book_id) VALUES (42);
INSERT INTO copies(book_id) VALUES (35);
INSERT INTO copies(book_id) VALUES (44);
INSERT INTO copies(book_id) VALUES (7);
INSERT INTO copies(book_id) VALUES (4);
INSERT INTO copies(book_id) VALUES (26);
INSERT INTO copies(book_id) VALUES (30);
INSERT INTO copies(book_id) VALUES (44);
INSERT INTO copies(book_id) VALUES (45);
INSERT INTO copies(book_id) VALUES (1);
INSERT INTO copies(book_id) VALUES (38);
INSERT INTO copies(book_id) VALUES (26);
INSERT INTO copies(book_id) VALUES (25);
INSERT INTO copies(book_id) VALUES (5);
INSERT INTO copies(book_id) VALUES (25);
INSERT INTO copies(book_id) VALUES (9);
INSERT INTO copies(book_id) VALUES (40);
INSERT INTO copies(book_id) VALUES (22);
INSERT INTO copies(book_id) VALUES (19);
INSERT INTO copies(book_id) VALUES (22);
INSERT INTO copies(book_id) VALUES (1);
INSERT INTO copies(book_id) VALUES (25);
INSERT INTO copies(book_id) VALUES (34);
INSERT INTO copies(book_id) VALUES (39);
INSERT INTO copies(book_id) VALUES (39);
INSERT INTO copies(book_id) VALUES (28);
INSERT INTO copies(book_id) VALUES (8);
INSERT INTO copies(book_id) VALUES (39);
INSERT INTO copies(book_id) VALUES (27);
INSERT INTO copies(book_id) VALUES (3);
INSERT INTO copies(book_id) VALUES (26);
INSERT INTO copies(book_id) VALUES (40);
INSERT INTO copies(book_id) VALUES (2);
INSERT INTO copies(book_id) VALUES (4);
INSERT INTO copies(book_id) VALUES (25);
INSERT INTO copies(book_id) VALUES (40);
INSERT INTO copies(book_id) VALUES (23);
INSERT INTO copies(book_id) VALUES (3);
INSERT INTO copies(book_id) VALUES (23);
INSERT INTO copies(book_id) VALUES (26);

SELECT * FROM copies;  

INSERT INTO users VALUES ("admin1", "matkhau", "admin");
INSERT INTO users VALUES ("user1", "pass1234", "user");
INSERT INTO users VALUES ("admin6", "admin@2025", "admin");
INSERT INTO users VALUES ("user2", "secure!pass", "user");
INSERT INTO users VALUES ("admin2", "admin#4567", "admin");
INSERT INTO users VALUES ("user3", "password!2025", "user");
INSERT INTO users VALUES ("admin3", "admin1234", "admin");
INSERT INTO users VALUES ("user4", "pass!word", "user");
INSERT INTO users VALUES ("admin4", "secureAdmin@2025", "admin");
INSERT INTO users VALUES ("user5", "1234pass", "user");
INSERT INTO users VALUES ("admin5", "admin!pass", "admin");

SELECT * FROM users;

INSERT INTO borrowing VALUES ("67", "user1");
INSERT INTO borrowing VALUES ("19", "admin6");
INSERT INTO borrowing VALUES ("46", "user2");
INSERT INTO borrowing VALUES ("67", "admin2");
INSERT INTO borrowing VALUES ("53", "user3");
INSERT INTO borrowing VALUES ("4", "admin3");
INSERT INTO borrowing VALUES ("27", "user4");
INSERT INTO borrowing VALUES ("48", "admin4");
INSERT INTO borrowing VALUES ("59", "user5");
INSERT INTO borrowing VALUES ("47", "admin5");

SELECT * FROM borrowing; 
SELECT * FROM contact_queries;